{"'s-Hertogenbosch": [51.699, 5.304], "Acapulco": [16.84942, -99.90891], "Adelaide": [-34.92866, 138.59863], "Almaty": [43.25249, 76.9115], "Amersfoort": [52.155, 5.3875], "Amsterdam": [52.37403, 4.88969], "Antalya": [36.90812, 30.69556], "Antwerp": [51.22047, 4.40026], "Athens": [37.98376, 23.72784], "Atlanta": [33.749, -84.38798], "Auckland": [-36.84853, 174.76349], "Bangkok": [13.75398, 100.50144], "Banja Luka": [44.77879, 17.20629], "Barcelona": [41.38879, 2.15899], "Basel": [47.55839, 7.57327], "Bastad": [56.42689, 12.85339], "Beijing": [39.9075, 116.39723], "Belgrade": [44.80401, 20.46513], "Bogota": [4.60971, -74.08175], "Brighton": [50.82838, -0.13947], "Brisbane": [-27.46794, 153.02809], "Brussels": [50.85045, 4.34878], "Bucharest": [44.43225, 26.10626], "Budapest": [47.49835, 19.04045], "Buenos Aires": [-34.61315, -58.37723], "Cagliari": [39.23054, 9.11917], "Casablanca": [33.58831, -7.61138], "Chengdu": [30.66667, 104.06667], "Chennai": [13.08784, 80.27847], "Cincinnati": [39.103, -84.512], "Cologne": [50.93333, 6.95], "Copenhagen": [55.67594, 12.56553], "Cordoba": [-31.40648, -64.18853], "Costa Do Sauipe": [-12.6797, -38.10436], "Dallas": [32.78306, -96.80667], "Delray Beach": [26.461, -80.073], "Doha": [25.28545, 51.53096], "Dubai": [25.07725, 55.30927], "Dubai ": [25.00827, 55.15682], "Dusseldorf": [51.22319, 6.77927], "Eastbourne": [50.769, 0.284], "Estoril": [38.706, -9.397], "Estoril ": [38.706, -9.397], "Florence": [43.77925, 11.24626], "Geneva": [46.20222, 6.14569], "Gijon": [43.53573, -5.66152], "Gstaad": [46.47215, 7.28685], "Halle": [52.058, 8.371], "Hamburg": [53.55073, 9.99302], "Hangzhou": [30.29365, 120.16142], "Ho Chi Min City": [10.823, 106.63], "Hong Kong": [22.27832, 114.17469], "Houston": [29.76328, -95.36327], "Indian Wells": [33.724, -116.305], "Indianapolis": [39.76838, -86.15804], "Istanbul": [41.01384, 28.94966], "Johannesburg ": [-26.27291, 27.99505], "Kitzbuhel": [47.44637, 12.39215], "Kuala Lumpur": [3.1412, 101.68653], "Las Vegas": [36.17497, -115.13722], "Lisbon": [38.72509, -9.1498], "London": [51.50853, -0.12574], "Long Island": [40.81677, -73.06622], "Los Angeles": [34.05223, -118.24368], "Los Cabos": [22.891, -109.912], "Lyon": [45.74906, 4.84789], "Madrid": [40.4165, -3.70256], "Mallorca": [39.6078, 3.01197], "Marbella": [36.51543, -4.88583], "Marrakech": [31.63, -7.981], "Marseille": [43.29695, 5.38107], "Melbourne": [-37.814, 144.963], "Memphis": [35.14953, -90.04898], "Metz": [49.119, 6.176], "Mexico City": [19.42847, -99.12766], "Miami": [25.774, -80.193], "Milan": [45.46427, 9.18951], "Monte Carlo": [16.6425, -93.82972], "Montpellier": [43.61093, 3.87635], "Montreal": [45.50884, -73.58781], "Moscow": [55.75204, 37.61781], "Mumbai": [19.07283, 72.88261], "Munich": [48.13743, 11.57549], "Napoli": [13.18333, -16.18333], "New Haven": [41.30815, -72.92816], "New York": [40.71427, -74.00597], "Newport": [41.49, -71.313], "Nice": [43.70313, 7.26608], "Nottingham": [52.9536, -1.15047], "Nur-Sultan": [51.169, 71.449], "Oeiras": [38.69105, -9.31085], "Orlando": [28.53834, -81.37924], "Palermo": [38.1166, 13.3636], "Paris": [48.85341, 2.3488], "Parma": [44.79935, 10.32618], "Portschach": [46.63639, 14.14639], "Pune": [18.51957, 73.85535], "Queens Club": [51.484, -0.213], "Quito": [-0.22985, -78.52495], "Rio de Janeiro": [-22.90642, -43.18223], "Rome": [41.89193, 12.51133], "Rotterdam": [51.9225, 4.47917], "Salvador": [-12.97563, -38.49096], "San Diego": [32.71571, -117.16472], "San Jose": [37.33939, -121.89496], "San Marino": [43.93667, 12.44639], "Santiago": [-33.45694, -70.64827], "Sao Paulo": [-23.5475, -46.63611], "Sardinia": [40.0, 9.0], "Scottsdale": [33.50921, -111.89903], "Seoul": [37.566, 126.9784], "Shanghai": [31.22222, 121.45806], "Shenzhen ": [22.53589, 114.0771], "Singapore": [1.28967, 103.85007], "Sofia": [42.69751, 23.32415], "Sopot": [44.41667, 23.5], "St. Petersburg": [27.77086, -82.67927], "St. Polten": [48.204, 15.625], "Stockholm": [59.32938, 18.06871], "Stuttgart": [48.78232, 9.17702], "Sydney": [-33.86785, 151.20732], "Tashkent": [41.26465, 69.21627], "Tel Aviv": [32.08088, 34.78057], "Tokyo": [35.6895, 139.69171], "Toronto": [43.70643, -79.39864], "Toulouse": [43.60426, 1.44367], "Turin": [45.07049, 7.68682], "Umag": [45.43139, 13.52389], "Valencia": [39.47391, -0.37966], "Vienna": [48.20849, 16.37208], "Vienna ": [41.23783, -80.66424], "Vina del Mar": [-33.02457, -71.55183], "Warsaw": [52.22977, 21.01178], "Washington": [38.89511, -77.03637], "Winston-Salem": [36.099, -80.244], "Zagreb": [45.81444, 15.97798], "Zhuhai": [22.27694, 113.56778]}